VendorID,tpep_pickup_datetime,tpep_dropoff_datetime,passenger_count,trip_distance,RatecodeID,store_and_fwd_flag,PULocationID,DOLocationID,payment_type,fare_amount,extra,mta_tax,tip_amount,tolls_amount,improvement_surcharge,total_amount,congestion_surcharge,Airport_fee
1,2024-06-01 00:03:46,2024-06-01 00:31:23,1.0,12.5,1.0,N,138,195,1,48.5,7.75,0.5,11.55,0.0,1.0,69.3,0.0,1.75
2,2024-06-01 00:55:22,2024-06-01 01:08:24,1.0,4.34,1.0,N,138,7,1,20.5,6.0,0.5,8.4,0.0,1.0,38.15,0.0,1.75
1,2024-06-01 00:23:53,2024-06-01 00:32:35,1.0,1.3,1.0,N,166,41,1,10.0,1.0,0.5,3.1,0.0,1.0,15.6,0.0,0.0
1,2024-06-01 00:32:24,2024-06-01 00:40:06,1.0,1.2,1.0,N,148,114,1,8.6,3.5,0.5,0.2,0.0,1.0,13.8,2.5,0.0
1,2024-06-01 00:51:38,2024-06-01 00:58:17,1.0,1.0,1.0,N,148,249,1,7.2,3.5,0.5,2.0,0.0,1.0,14.2,2.5,0.0
2,2024-06-01 00:26:13,2024-06-01 00:37:21,1.0,1.5,1.0,N,48,229,1,11.4,1.0,0.5,2.0,0.0,1.0,18.4,2.5,0.0
2,2024-06-01 00:01:04,2024-06-01 00:57:48,1.0,18.41,2.0,N,132,48,1,70.0,0.0,0.5,0.15,6.94,1.0,82.84,2.5,1.75
1,2024-06-01 00:43:55,2024-06-01 00:49:03,4.0,1.4,1.0,N,140,236,1,7.9,3.5,0.5,2.6,0.0,1.0,15.5,2.5,0.0
2,2024-05-31 23:38:07,2024-05-31 23:51:42,1.0,2.31,1.0,N,230,239,1,14.9,1.0,0.5,3.98,0.0,1.0,23.88,2.5,0.0
2,2024-06-01 00:00:09,2024-06-01 00:05:11,1.0,0.74,1.0,N,142,239,1,6.5,1.0,0.5,2.3,0.0,1.0,13.8,2.5,0.0
2,2024-06-01 00:16:07,2024-06-01 00:36:14,1.0,1.78,1.0,N,48,170,1,17.7,1.0,0.5,1.0,0.0,1.0,23.7,2.5,0.0
2,2024-06-01 00:07:59,2024-06-01 00:19:43,1.0,2.94,1.0,N,234,142,1,15.6,1.0,0.5,5.15,0.0,1.0,25.75,2.5,0.0
2,2024-06-01 00:34:56,2024-06-01 00:43:47,1.0,1.82,1.0,N,186,43,1,11.4,1.0,0.5,1.5,0.0,1.0,17.9,2.5,0.0
2,2024-06-01 00:19:02,2024-06-01 00:27:30,1.0,1.26,1.0,N,158,125,1,9.3,1.0,0.5,0.0,0.0,1.0,14.3,2.5,0.0
2,2024-06-01 00:34:08,2024-06-01 00:41:19,1.0,1.04,1.0,N,249,68,1,8.6,1.0,0.5,2.72,0.0,1.0,16.32,2.5,0.0
1,2024-06-01 00:11:50,2024-06-01 00:34:56,1.0,3.7,1.0,N,50,4,1,22.6,3.5,0.5,4.0,0.0,1.0,31.6,2.5,0.0
1,2024-06-01 00:49:34,2024-06-01 00:56:29,2.0,0.9,1.0,N,137,234,1,7.9,3.5,0.5,2.55,0.0,1.0,15.45,2.5,0.0
2,2024-06-01 00:06:49,2024-06-01 00:20:51,1.0,5.4,1.0,N,50,116,2,24.0,1.0,0.5,0.0,0.0,1.0,29.0,2.5,0.0
1,2024-06-01 00:28:48,2024-06-01 00:39:02,1.0,1.5,1.0,N,162,164,2,11.4,3.5,0.5,0.0,0.0,1.0,16.4,2.5,0.0
2,2024-06-01 00:14:52,2024-06-01 00:43:25,1.0,5.3,1.0,N,231,143,1,30.3,1.0,0.5,7.06,0.0,1.0,42.36,2.5,0.0
2,2024-06-01 00:28:02,2024-06-01 00:48:48,1.0,4.87,1.0,N,79,239,1,24.7,1.0,0.5,5.94,0.0,1.0,35.64,2.5,0.0
1,2024-06-01 00:30:38,2024-06-01 00:51:28,1.0,3.9,1.0,N,261,246,1,22.6,3.5,0.5,2.0,0.0,1.0,29.6,2.5,0.0
1,2024-06-01 00:17:52,2024-06-01 00:21:48,1.0,0.8,1.0,N,237,263,1,6.5,3.5,0.5,2.0,0.0,1.0,13.5,2.5,0.0
1,2024-06-01 00:47:34,2024-06-01 01:07:54,2.0,4.4,1.0,N,249,239,1,21.9,3.5,0.5,3.0,0.0,1.0,29.9,2.5,0.0
1,2024-06-01 00:22:51,2024-06-01 00:33:43,1.0,1.5,1.0,N,255,80,1,11.4,1.0,0.5,3.45,0.0,1.0,17.35,0.0,0.0
2,2024-06-01 00:28:06,2024-06-01 00:49:27,1.0,2.42,1.0,N,249,209,1,19.1,1.0,0.5,4.82,0.0,1.0,28.92,2.5,0.0
2,2024-06-01 00:53:06,2024-06-01 01:06:08,1.0,4.22,1.0,N,87,137,1,19.8,1.0,0.5,4.96,0.0,1.0,29.76,2.5,0.0
2,2024-06-01 00:10:11,2024-06-01 00:19:39,1.0,1.83,1.0,N,114,87,1,11.4,1.0,0.5,3.28,0.0,1.0,19.68,2.5,0.0
2,2024-06-01 00:41:15,2024-06-01 00:55:16,1.0,1.84,1.0,N,231,68,1,14.2,1.0,0.5,2.0,0.0,1.0,21.2,2.5,0.0
2,2024-06-01 00:59:12,2024-06-01 01:12:01,3.0,2.36,1.0,N,263,238,1,14.2,1.0,0.5,5.76,0.0,1.0,24.96,2.5,0.0
1,2024-06-01 00:09:24,2024-06-01 00:17:13,1.0,1.8,1.0,N,239,163,1,10.7,3.5,0.5,5.0,0.0,1.0,20.7,2.5,0.0
1,2024-06-01 00:55:48,2024-06-01 01:00:02,1.0,0.8,1.0,N,239,142,1,6.5,3.5,0.5,2.3,0.0,1.0,13.8,2.5,0.0
2,2024-06-01 00:31:19,2024-06-01 00:49:54,1.0,7.73,1.0,N,141,13,1,33.1,1.0,0.5,7.62,0.0,1.0,45.72,2.5,0.0
2,2024-06-01 00:54:38,2024-06-01 01:00:06,1.0,0.64,1.0,N,261,13,2,7.2,1.0,0.5,0.0,0.0,1.0,12.2,2.5,0.0
2,2024-06-01 00:23:26,2024-06-01 00:44:34,1.0,2.68,1.0,N,166,166,1,19.8,1.0,0.5,3.34,0.0,1.0,25.64,0.0,0.0
2,2024-06-01 00:21:13,2024-06-01 00:27:22,1.0,1.0,1.0,N,90,113,1,7.2,1.0,0.5,2.44,0.0,1.0,14.64,2.5,0.0
2,2024-06-01 00:29:14,2024-06-01 00:40:17,1.0,1.83,1.0,N,113,164,1,12.1,1.0,0.5,3.42,0.0,1.0,20.52,2.5,0.0
2,2024-06-01 00:35:27,2024-06-01 01:06:15,2.0,3.78,1.0,N,162,45,1,26.8,1.0,0.5,6.36,0.0,1.0,38.16,2.5,0.0
2,2024-06-01 00:09:49,2024-06-01 00:15:56,1.0,1.37,1.0,N,144,261,1,8.6,1.0,0.5,1.0,0.0,1.0,14.6,2.5,0.0
2,2024-06-01 00:22:01,2024-06-01 00:32:35,2.0,3.5,1.0,N,209,107,1,17.0,1.0,0.5,4.4,0.0,1.0,26.4,2.5,0.0
2,2024-06-01 00:42:56,2024-06-01 00:48:52,1.0,0.89,1.0,N,79,144,1,7.9,1.0,0.5,2.58,0.0,1.0,15.48,2.5,0.0
1,2024-06-01 00:36:36,2024-06-01 00:54:05,2.0,3.2,1.0,N,50,125,1,18.4,3.5,0.5,0.0,0.0,1.0,23.4,2.5,0.0
1,2024-06-01 00:59:28,2024-06-01 01:40:48,1.0,5.9,1.0,N,114,37,1,39.4,3.5,0.5,8.85,0.0,1.0,53.25,2.5,0.0
1,2024-06-01 00:24:44,2024-06-01 00:30:14,1.0,0.5,1.0,N,113,107,1,7.2,3.5,0.5,3.0,0.0,1.0,15.2,2.5,0.0
2,2024-06-01 00:40:55,2024-06-01 01:42:54,1.0,19.67,2.0,N,132,79,2,70.0,0.0,0.5,0.0,0.0,1.0,75.75,2.5,1.75
1,2024-06-01 00:39:33,2024-06-01 00:43:46,0.0,1.0,1.0,N,237,236,1,7.2,3.5,0.5,2.4,0.0,1.0,14.6,2.5,0.0
2,2024-06-01 00:21:16,2024-06-01 00:44:02,2.0,4.86,1.0,N,249,263,1,24.7,1.0,0.5,2.0,0.0,1.0,31.7,2.5,0.0
2,2024-06-01 00:18:04,2024-06-01 00:21:39,2.0,0.87,1.0,N,143,238,1,6.5,1.0,0.5,1.15,0.0,1.0,12.65,2.5,0.0
2,2024-06-01 00:43:04,2024-06-01 00:48:05,1.0,0.87,1.0,N,236,263,1,7.2,1.0,0.5,2.44,0.0,1.0,14.64,2.5,0.0
2,2024-06-01 00:49:41,2024-06-01 01:10:46,1.0,4.77,1.0,N,263,68,1,24.0,1.0,0.5,5.8,0.0,1.0,34.8,2.5,0.0
1,2024-06-01 00:52:10,2024-06-01 01:14:14,1.0,6.2,1.0,N,132,197,3,27.5,2.75,0.5,0.0,0.0,1.0,31.75,0.0,1.75
1,2024-06-01 00:12:17,2024-06-01 00:32:37,0.0,4.2,1.0,N,90,264,1,21.9,3.5,0.5,5.35,0.0,1.0,32.25,2.5,0.0
2,2024-06-01 00:06:06,2024-06-01 00:42:44,1.0,4.69,1.0,N,148,37,1,35.2,1.0,0.5,8.04,0.0,1.0,48.24,2.5,0.0
2,2024-06-01 00:05:06,2024-06-01 00:18:42,2.0,1.68,1.0,N,170,90,1,12.8,1.0,0.5,3.56,0.0,1.0,21.36,2.5,0.0
2,2024-06-01 00:28:44,2024-06-01 00:42:23,1.0,2.12,1.0,N,249,261,2,14.9,1.0,0.5,0.0,0.0,1.0,19.9,2.5,0.0
2,2024-06-01 00:46:30,2024-06-01 00:55:10,1.0,1.57,1.0,N,88,231,1,10.7,1.0,0.5,3.14,0.0,1.0,18.84,2.5,0.0
2,2024-06-01 00:41:30,2024-06-01 00:46:51,1.0,1.02,1.0,N,211,87,1,7.2,1.0,0.5,0.0,0.0,1.0,12.2,2.5,0.0
2,2024-06-01 00:49:36,2024-06-01 01:16:19,1.0,8.27,1.0,N,261,67,1,38.0,1.0,0.5,0.1,0.0,1.0,43.1,2.5,0.0
1,2024-06-01 00:41:23,2024-06-01 00:54:06,1.0,1.8,1.0,N,234,231,1,12.1,3.5,0.5,2.0,0.0,1.0,19.1,2.5,0.0
2,2024-06-01 00:01:26,2024-06-01 00:26:17,1.0,7.01,1.0,N,68,41,1,32.4,1.0,0.5,3.74,0.0,1.0,41.14,2.5,0.0
1,2024-06-01 00:52:25,2024-06-01 01:51:24,1.0,11.1,99.0,N,161,197,1,39.5,0.0,0.5,0.0,6.94,1.0,47.94,0.0,0.0
1,2024-06-01 00:04:53,2024-06-01 00:46:01,1.0,7.7,1.0,N,79,36,1,44.3,3.5,0.5,9.85,0.0,1.0,59.15,2.5,0.0
2,2024-06-01 00:29:36,2024-06-01 00:37:13,1.0,0.85,1.0,N,100,170,1,8.6,1.0,0.5,2.72,0.0,1.0,16.32,2.5,0.0
2,2024-06-01 00:46:27,2024-06-01 00:58:11,2.0,2.04,1.0,N,234,231,2,13.5,1.0,0.5,0.0,0.0,1.0,18.5,2.5,0.0
2,2024-06-01 00:12:02,2024-06-01 00:18:47,1.0,0.63,1.0,N,166,24,2,7.9,1.0,0.5,0.0,0.0,1.0,10.4,0.0,0.0
1,2024-06-01 00:08:09,2024-06-01 00:56:59,1.0,16.7,2.0,N,132,170,1,70.0,4.25,0.5,12.0,13.88,1.0,101.63,2.5,1.75
2,2024-06-01 00:34:43,2024-06-01 00:44:45,3.0,4.89,1.0,N,138,192,2,19.8,6.0,0.5,0.0,0.0,1.0,29.05,0.0,1.75
2,2024-06-01 00:39:14,2024-06-01 01:05:54,1.0,4.62,1.0,N,144,17,1,28.2,1.0,0.5,6.64,0.0,1.0,39.84,2.5,0.0
2,2024-06-01 00:23:28,2024-06-01 00:30:43,1.0,1.09,1.0,N,186,230,1,8.6,1.0,0.5,2.45,0.0,1.0,16.05,2.5,0.0
2,2024-06-01 00:38:26,2024-06-01 00:45:34,4.0,1.17,1.0,N,48,246,1,8.6,1.0,0.5,2.72,0.0,1.0,16.32,2.5,0.0
2,2024-06-01 00:08:15,2024-06-01 00:24:02,1.0,1.73,1.0,N,234,79,1,14.9,1.0,0.5,2.0,0.0,1.0,21.9,2.5,0.0
1,2024-06-01 00:08:23,2024-06-01 00:14:31,2.0,1.0,1.0,N,164,68,1,7.9,3.5,0.5,1.0,0.0,1.0,13.9,2.5,0.0
1,2024-06-01 00:24:44,2024-06-01 00:42:13,2.0,4.4,1.0,N,158,238,1,21.9,3.5,0.5,6.7,0.0,1.0,33.6,2.5,0.0
1,2024-06-01 00:56:11,2024-06-01 01:29:58,1.0,9.6,1.0,N,237,49,1,44.3,3.5,0.5,8.0,0.0,1.0,57.3,2.5,0.0
2,2024-06-01 00:06:39,2024-06-01 00:12:52,1.0,1.06,1.0,N,141,229,2,7.9,1.0,0.5,0.0,0.0,1.0,12.9,2.5,0.0
2,2024-06-01 00:27:54,2024-06-01 01:10:38,2.0,4.31,1.0,N,113,37,2,38.0,1.0,0.5,0.0,0.0,1.0,43.0,2.5,0.0
2,2024-06-01 00:09:06,2024-06-01 00:18:02,1.0,1.89,1.0,N,142,141,1,11.4,1.0,0.5,3.28,0.0,1.0,19.68,2.5,0.0
2,2024-06-01 00:21:17,2024-06-01 00:24:53,1.0,0.87,1.0,N,141,141,1,6.5,1.0,0.5,1.11,0.0,1.0,12.61,2.5,0.0
2,2024-06-01 00:57:26,2024-06-01 01:04:29,1.0,2.31,1.0,N,142,151,1,11.4,1.0,0.5,3.28,0.0,1.0,19.68,2.5,0.0
1,2024-06-01 00:11:31,2024-06-01 00:20:59,1.0,2.1,1.0,N,79,170,1,12.1,3.5,0.5,1.5,0.0,1.0,18.6,2.5,0.0
1,2024-06-01 00:46:33,2024-06-01 00:50:56,1.0,0.8,1.0,N,161,164,1,6.5,3.5,0.5,2.85,0.0,1.0,14.35,2.5,0.0
1,2024-06-01 00:06:09,2024-06-01 00:16:07,1.0,1.6,1.0,N,249,186,1,10.0,3.5,0.5,3.0,0.0,1.0,18.0,2.5,0.0
1,2024-06-01 00:38:17,2024-06-01 00:44:55,1.0,1.1,1.0,N,186,68,2,7.9,3.5,0.5,0.0,0.0,1.0,12.9,2.5,0.0
2,2024-06-01 00:07:34,2024-06-01 00:20:23,1.0,1.37,1.0,N,90,48,1,12.8,1.0,0.5,4.45,0.0,1.0,22.25,2.5,0.0
2,2024-06-01 00:30:01,2024-06-01 00:40:18,1.0,1.98,1.0,N,48,239,1,12.1,1.0,0.5,3.0,0.0,1.0,20.1,2.5,0.0
2,2024-06-01 00:44:06,2024-06-01 00:52:14,1.0,0.76,1.0,N,238,238,2,9.3,1.0,0.5,0.0,0.0,1.0,14.3,2.5,0.0
1,2024-06-01 00:32:16,2024-06-01 00:52:40,1.0,7.6,1.0,N,132,265,1,33.8,2.75,0.5,5.0,0.0,1.0,43.05,0.0,1.75
2,2024-06-01 00:09:53,2024-06-01 00:16:10,1.0,1.09,1.0,N,158,246,1,8.6,1.0,0.5,2.72,0.0,1.0,16.32,2.5,0.0
2,2024-06-01 00:23:44,2024-06-01 00:27:26,1.0,0.42,1.0,N,158,249,1,5.1,1.0,0.5,2.02,0.0,1.0,12.12,2.5,0.0
2,2024-06-01 00:32:39,2024-06-01 00:48:43,1.0,2.41,1.0,N,158,144,1,17.0,1.0,0.5,2.0,0.0,1.0,24.0,2.5,0.0
2,2024-06-01 00:52:56,2024-06-01 00:59:49,1.0,0.99,1.0,N,45,231,1,8.6,1.0,0.5,2.72,0.0,1.0,16.32,2.5,0.0
1,2024-06-01 00:20:20,2024-06-01 00:25:50,2.0,0.6,1.0,N,230,162,1,5.8,3.5,0.5,2.15,0.0,1.0,12.95,2.5,0.0
1,2024-06-01 00:59:24,2024-06-01 01:07:48,1.0,1.6,1.0,N,79,264,1,10.0,3.5,0.5,3.0,0.0,1.0,18.0,2.5,0.0
1,2024-06-01 00:34:39,2024-06-01 00:57:24,0.0,3.5,1.0,N,239,234,1,22.6,3.5,0.5,5.5,0.0,1.0,33.1,2.5,0.0
2,2024-05-31 23:54:54,2024-06-01 00:05:09,2.0,2.05,1.0,N,142,229,1,12.1,1.0,0.5,3.42,0.0,1.0,20.52,2.5,0.0
2,2024-06-01 00:20:19,2024-06-01 00:30:47,2.0,2.62,1.0,N,229,43,1,14.2,1.0,0.5,2.5,0.0,1.0,21.7,2.5,0.0
2,2024-06-01 00:52:19,2024-06-01 01:01:02,2.0,1.31,1.0,N,163,229,1,10.0,1.0,0.5,2.0,0.0,1.0,17.0,2.5,0.0
2,2024-06-01 00:32:21,2024-06-01 00:50:02,1.0,6.13,1.0,N,229,261,1,27.5,1.0,0.5,10.0,0.0,1.0,42.5,2.5,0.0
2,2024-06-01 00:27:10,2024-06-01 00:54:19,2.0,2.4,1.0,N,68,148,1,23.3,1.0,0.5,4.0,0.0,1.0,32.3,2.5,0.0
2,2024-06-01 00:49:02,2024-06-01 01:07:21,1.0,2.98,1.0,N,48,79,1,18.4,1.0,0.5,4.68,0.0,1.0,28.08,2.5,0.0
2,2024-06-01 00:06:05,2024-06-01 00:26:35,2.0,4.03,1.0,N,236,113,1,22.6,1.0,0.5,1.5,0.0,1.0,29.1,2.5,0.0
2,2024-06-01 00:33:18,2024-06-01 00:41:59,1.0,1.59,1.0,N,249,231,1,10.7,1.0,0.5,3.14,0.0,1.0,18.84,2.5,0.0
2,2024-06-01 00:42:57,2024-06-01 00:50:33,1.0,1.26,1.0,N,79,232,2,9.3,1.0,0.5,0.0,0.0,1.0,14.3,2.5,0.0
2,2024-06-01 00:57:12,2024-06-01 00:58:40,1.0,0.22,1.0,N,79,4,2,3.7,1.0,0.5,0.0,0.0,1.0,8.7,2.5,0.0
2,2024-06-01 00:23:03,2024-06-01 00:30:47,3.0,1.55,1.0,N,48,90,2,10.0,1.0,0.5,0.0,0.0,1.0,15.0,2.5,0.0
2,2024-06-01 00:52:02,2024-06-01 00:58:05,3.0,1.08,1.0,N,90,249,1,7.9,1.0,0.5,3.87,0.0,1.0,16.77,2.5,0.0
2,2024-06-01 00:38:24,2024-06-01 00:53:51,1.0,1.95,1.0,N,79,186,1,15.6,1.0,0.5,0.0,0.0,1.0,20.6,2.5,0.0
2,2024-06-01 00:54:51,2024-06-01 00:58:15,1.0,0.81,1.0,N,186,90,1,5.8,1.0,0.5,1.0,0.0,1.0,11.8,2.5,0.0
2,2024-06-01 00:24:19,2024-06-01 00:38:56,1.0,4.89,1.0,N,161,168,1,21.2,1.0,0.5,0.05,0.0,1.0,26.25,2.5,0.0
2,2024-06-01 00:02:02,2024-06-01 00:10:59,1.0,1.57,1.0,N,231,249,1,10.7,1.0,0.5,3.92,0.0,1.0,19.62,2.5,0.0
2,2024-06-01 00:17:56,2024-06-01 00:29:48,1.0,1.44,1.0,N,249,170,1,12.1,1.0,0.5,4.28,0.0,1.0,21.38,2.5,0.0
1,2024-06-01 00:17:58,2024-06-01 00:46:05,2.0,11.1,1.0,N,138,230,3,47.8,10.25,0.5,0.0,6.94,1.0,66.49,2.5,1.75
1,2024-06-01 00:55:58,2024-06-01 01:08:08,1.0,1.9,1.0,N,162,100,2,12.8,3.5,0.5,0.0,0.0,1.0,17.8,2.5,0.0
2,2024-06-01 00:29:10,2024-06-01 00:36:12,1.0,1.03,1.0,N,79,144,1,8.6,1.0,0.5,2.04,0.0,1.0,15.64,2.5,0.0
2,2024-06-01 00:37:47,2024-06-01 01:11:03,1.0,6.88,1.0,N,144,238,1,36.6,1.0,0.5,8.32,0.0,1.0,49.92,2.5,0.0
1,2024-06-01 00:31:01,2024-06-01 01:10:54,1.0,16.2,2.0,N,132,107,1,70.0,4.25,0.5,10.0,6.94,1.0,92.69,2.5,1.75
2,2024-06-01 00:38:20,2024-06-01 00:56:04,2.0,3.82,1.0,N,143,249,1,20.5,1.0,0.5,4.5,0.0,1.0,30.0,2.5,0.0
1,2024-06-01 00:36:08,2024-06-01 00:48:29,1.0,2.3,1.0,N,90,79,1,12.8,3.5,0.5,3.55,0.0,1.0,21.35,2.5,0.0
1,2024-06-01 00:54:24,2024-06-01 01:05:21,1.0,3.9,1.0,N,79,263,1,17.0,3.5,0.5,1.0,0.0,1.0,23.0,2.5,0.0
2,2024-06-01 00:07:54,2024-06-01 00:21:54,1.0,1.76,1.0,N,90,114,1,13.5,1.0,0.5,0.0,0.0,1.0,18.5,2.5,0.0
2,2024-06-01 00:34:36,2024-06-01 00:37:03,1.0,0.52,1.0,N,107,137,1,5.1,1.0,0.5,2.02,0.0,1.0,12.12,2.5,0.0
2,2024-06-01 00:45:37,2024-06-01 00:50:30,1.0,0.75,1.0,N,141,229,1,6.5,1.0,0.5,2.3,0.0,1.0,13.8,2.5,0.0
2,2024-06-01 00:59:43,2024-06-01 01:09:49,1.0,1.53,1.0,N,141,48,1,11.4,1.0,0.5,3.28,0.0,1.0,19.68,2.5,0.0
2,2024-06-01 00:58:10,2024-06-01 01:14:59,1.0,4.29,1.0,N,234,262,1,21.2,1.0,0.5,5.24,0.0,1.0,31.44,2.5,0.0
2,2024-06-01 00:26:04,2024-06-01 01:08:25,1.0,6.42,1.0,N,113,36,2,38.7,1.0,0.5,0.0,0.0,1.0,43.7,2.5,0.0
1,2024-06-01 00:14:02,2024-06-01 00:33:54,2.0,3.5,1.0,N,230,79,1,20.5,3.5,0.5,5.1,0.0,1.0,30.6,2.5,0.0
2,2024-06-01 00:06:12,2024-06-01 00:12:53,1.0,1.05,1.0,N,229,170,2,8.6,1.0,0.5,0.0,0.0,1.0,13.6,2.5,0.0
2,2024-06-01 00:29:42,2024-06-01 00:43:21,1.0,2.1,1.0,N,79,246,1,14.9,1.0,0.5,3.98,0.0,1.0,23.88,2.5,0.0
2,2024-06-01 00:53:28,2024-06-01 01:03:22,1.0,0.99,1.0,N,249,90,1,10.0,1.0,0.5,3.0,0.0,1.0,18.0,2.5,0.0
1,2024-06-01 00:23:33,2024-06-01 00:25:56,2.0,0.3,1.0,N,234,107,1,4.4,3.5,0.5,0.0,0.0,1.0,9.4,2.5,0.0
1,2024-06-01 00:29:52,2024-06-01 00:44:49,1.0,4.3,1.0,N,107,238,1,20.5,3.5,0.5,5.1,0.0,1.0,30.6,2.5,0.0
1,2024-06-01 00:48:06,2024-06-01 00:57:10,1.0,1.7,1.0,N,238,263,1,11.4,3.5,0.5,3.25,0.0,1.0,19.65,2.5,0.0
1,2024-06-01 00:58:42,2024-06-01 01:12:20,1.0,3.7,1.0,N,263,79,1,17.7,3.5,0.5,4.0,0.0,1.0,26.7,2.5,0.0
1,2024-06-01 00:05:14,2024-06-01 00:45:25,1.0,4.3,1.0,N,237,179,1,34.5,3.5,0.5,3.0,0.0,1.0,42.5,2.5,0.0
1,2024-06-01 00:12:28,2024-06-01 00:32:07,1.0,3.0,1.0,N,249,229,1,17.7,3.5,0.5,4.54,0.0,1.0,27.24,2.5,0.0
2,2024-06-01 00:27:31,2024-06-01 00:34:47,1.0,1.13,1.0,N,234,233,1,8.6,1.0,0.5,2.0,0.0,1.0,15.6,2.5,0.0
2,2024-06-01 00:08:42,2024-06-01 00:29:11,1.0,3.34,1.0,N,211,48,1,20.5,1.0,0.5,5.1,0.0,1.0,30.6,2.5,0.0
2,2024-06-01 00:31:12,2024-06-01 00:33:58,1.0,0.27,1.0,N,100,48,2,4.4,1.0,0.5,0.0,0.0,1.0,9.4,2.5,0.0
2,2024-06-01 00:17:01,2024-06-01 00:40:57,1.0,4.79,1.0,N,158,141,1,24.7,1.0,0.5,5.94,0.0,1.0,35.64,2.5,0.0
2,2024-06-01 00:22:28,2024-06-01 00:27:57,1.0,1.17,1.0,N,43,143,1,8.6,1.0,0.5,1.0,0.0,1.0,14.6,2.5,0.0
2,2024-06-01 00:43:20,2024-06-01 00:54:57,1.0,1.62,1.0,N,68,161,1,12.8,1.0,0.5,1.0,0.0,1.0,18.8,2.5,0.0
2,2024-06-01 00:27:04,2024-06-01 00:41:36,1.0,1.96,1.0,N,107,232,1,14.2,1.0,0.5,1.0,0.0,1.0,20.2,2.5,0.0
2,2024-06-01 00:55:19,2024-06-01 01:06:39,1.0,3.76,1.0,N,148,233,1,17.7,1.0,0.5,4.54,0.0,1.0,27.24,2.5,0.0
2,2024-06-01 00:26:24,2024-06-01 00:35:13,1.0,1.49,1.0,N,142,50,1,10.0,1.0,0.5,2.0,0.0,1.0,17.0,2.5,0.0
2,2024-06-01 00:07:10,2024-06-01 00:13:22,2.0,0.89,1.0,N,144,231,1,7.9,1.0,0.5,2.58,0.0,1.0,15.48,2.5,0.0
2,2024-06-01 00:24:40,2024-06-01 00:37:05,1.0,1.44,1.0,N,144,249,1,12.8,1.0,0.5,3.56,0.0,1.0,21.36,2.5,0.0
2,2024-06-01 00:43:50,2024-06-01 00:55:12,3.0,1.27,1.0,N,249,144,1,11.4,1.0,0.5,3.28,0.0,1.0,19.68,2.5,0.0
2,2024-06-01 00:56:07,2024-06-01 01:02:24,2.0,1.01,1.0,N,144,231,2,7.9,1.0,0.5,0.0,0.0,1.0,12.9,2.5,0.0
2,2024-06-01 00:13:39,2024-06-01 00:28:00,3.0,2.29,1.0,N,100,79,1,14.9,1.0,0.5,1.11,0.0,1.0,21.01,2.5,0.0
2,2024-06-01 00:30:20,2024-06-01 00:48:12,1.0,3.07,1.0,N,114,88,1,18.4,1.0,0.5,4.68,0.0,1.0,28.08,2.5,0.0
2,2024-06-01 00:17:54,2024-06-01 00:34:09,1.0,3.36,1.0,N,68,229,1,18.4,1.0,0.5,4.68,0.0,1.0,28.08,2.5,0.0
1,2024-06-01 00:07:39,2024-06-01 00:12:05,1.0,0.6,1.0,N,237,263,1,5.8,3.5,0.5,2.0,0.0,1.0,12.8,2.5,0.0
1,2024-06-01 00:20:02,2024-06-01 00:26:13,1.0,1.6,1.0,N,237,142,1,9.3,3.5,0.5,3.55,0.0,1.0,17.85,2.5,0.0
2,2024-06-01 00:10:38,2024-06-01 00:25:45,1.0,2.32,1.0,N,234,148,1,15.6,1.0,0.5,0.0,0.0,1.0,20.6,2.5,0.0
2,2024-06-01 00:42:29,2024-06-01 00:52:20,1.0,1.39,1.0,N,107,246,1,11.4,1.0,0.5,0.0,0.0,1.0,16.4,2.5,0.0
2,2024-06-01 00:13:41,2024-06-01 00:30:09,1.0,3.18,1.0,N,161,263,1,18.4,1.0,0.5,7.02,0.0,1.0,30.42,2.5,0.0
2,2024-06-01 00:56:30,2024-06-01 01:00:28,1.0,1.09,1.0,N,68,68,1,7.2,1.0,0.5,1.0,0.0,1.0,13.2,2.5,0.0
1,2024-06-01 00:01:12,2024-06-01 00:28:10,1.0,4.4,1.0,N,144,142,1,26.1,3.5,0.5,6.2,0.0,1.0,37.3,2.5,0.0
1,2024-06-01 00:43:50,2024-06-01 00:52:15,1.0,1.8,1.0,N,142,161,2,10.0,3.5,0.5,0.0,0.0,1.0,15.0,2.5,0.0
1,2024-06-01 00:16:03,2024-06-01 00:35:16,3.0,5.6,1.0,N,238,224,1,27.5,3.5,0.5,4.0,0.0,1.0,36.5,2.5,0.0
2,2024-06-01 00:37:45,2024-06-01 00:54:24,1.0,3.13,1.0,N,68,43,1,18.4,1.0,0.5,4.68,0.0,1.0,28.08,2.5,0.0
2,2024-06-01 00:58:27,2024-06-01 01:04:16,1.0,1.45,1.0,N,142,246,1,9.3,1.0,0.5,2.86,0.0,1.0,17.16,2.5,0.0
2,2024-06-01 00:49:36,2024-06-01 01:25:33,1.0,3.23,1.0,N,79,141,1,21.9,1.0,0.5,5.38,0.0,1.0,32.28,2.5,0.0
1,2024-06-01 00:18:34,2024-06-01 00:30:48,1.0,2.1,1.0,N,141,75,1,12.1,3.5,0.5,2.0,0.0,1.0,19.1,2.5,0.0
1,2024-06-01 00:00:38,2024-06-01 00:10:02,1.0,1.6,1.0,N,234,148,1,10.7,3.5,0.5,3.1,0.0,1.0,18.8,2.5,0.0
2,2024-06-01 00:19:03,2024-06-01 00:30:42,3.0,2.17,1.0,N,13,158,1,12.8,1.0,0.5,3.56,0.0,1.0,21.36,2.5,0.0
2,2024-06-01 00:39:05,2024-06-01 00:46:30,2.0,0.74,1.0,N,249,234,1,7.9,1.0,0.5,1.0,0.0,1.0,13.9,2.5,0.0
2,2024-06-01 00:11:51,2024-06-01 00:23:05,1.0,2.74,1.0,N,148,49,1,14.9,1.0,0.5,3.98,0.0,1.0,23.88,2.5,0.0
1,2024-06-01 00:06:26,2024-06-01 00:13:25,1.0,1.2,1.0,N,137,79,1,8.6,3.5,0.5,2.7,0.0,1.0,16.3,2.5,0.0
1,2024-06-01 00:16:46,2024-06-01 00:47:19,1.0,6.1,1.0,N,79,80,1,33.1,3.5,0.5,9.0,6.94,1.0,54.04,2.5,0.0
2,2024-06-01 00:04:18,2024-06-01 00:12:59,1.0,1.71,1.0,N,142,246,1,10.7,1.0,0.5,3.14,0.0,1.0,18.84,2.5,0.0
2,2024-06-01 00:24:52,2024-06-01 00:27:40,1.0,0.45,1.0,N,249,68,1,5.1,1.0,0.5,2.02,0.0,1.0,12.12,2.5,0.0
2,2024-06-01 00:35:04,2024-06-01 00:46:51,1.0,1.58,1.0,N,249,68,1,12.1,1.0,0.5,1.0,0.0,1.0,18.1,2.5,0.0
2,2024-06-01 00:57:13,2024-06-01 01:23:26,1.0,5.01,1.0,N,249,238,1,26.8,1.0,0.5,6.36,0.0,1.0,38.16,2.5,0.0
2,2024-06-01 00:19:47,2024-06-01 00:26:05,1.0,1.22,1.0,N,163,162,1,8.6,1.0,0.5,2.72,0.0,1.0,16.32,2.5,0.0
2,2024-06-01 00:47:15,2024-06-01 01:01:13,1.0,3.44,1.0,N,162,75,1,17.0,1.0,0.5,1.0,0.0,1.0,23.0,2.5,0.0
1,2024-06-01 00:26:17,2024-06-01 00:34:41,4.0,1.4,1.0,N,79,137,1,9.3,3.5,0.5,2.85,0.0,1.0,17.15,2.5,0.0
1,2024-06-01 00:43:26,2024-06-01 00:50:22,2.0,1.0,1.0,N,79,107,1,7.9,3.5,0.5,2.55,0.0,1.0,15.45,2.5,0.0
1,2024-06-01 00:52:35,2024-06-01 01:12:15,1.0,5.3,1.0,N,148,142,1,25.4,3.5,0.5,6.0,0.0,1.0,36.4,2.5,0.0
2,2024-06-01 00:30:26,2024-06-01 01:08:56,1.0,4.63,1.0,N,144,255,4,-37.3,-1.0,-0.5,0.0,0.0,-1.0,-42.3,-2.5,0.0
2,2024-06-01 00:30:26,2024-06-01 01:08:56,1.0,4.63,1.0,N,144,255,4,37.3,1.0,0.5,0.0,0.0,1.0,42.3,2.5,0.0
2,2024-06-01 00:11:19,2024-06-01 00:13:45,2.0,0.23,1.0,N,249,158,1,4.4,1.0,0.5,1.88,0.0,1.0,11.28,2.5,0.0
2,2024-06-01 00:15:11,2024-06-01 00:22:45,1.0,1.17,1.0,N,249,231,1,8.6,1.0,0.5,1.0,0.0,1.0,14.6,2.5,0.0
2,2024-06-01 00:15:17,2024-06-01 00:41:38,1.0,3.74,1.0,N,50,114,1,24.7,1.0,0.5,5.94,0.0,1.0,35.64,2.5,0.0
2,2024-06-01 00:43:14,2024-06-01 00:44:48,1.0,0.02,1.0,N,114,114,2,3.7,1.0,0.5,0.0,0.0,1.0,8.7,2.5,0.0
2,2024-06-01 00:18:55,2024-06-01 00:28:04,2.0,2.89,1.0,N,87,148,1,14.9,1.0,0.5,3.98,0.0,1.0,23.88,2.5,0.0
2,2024-06-01 00:30:46,2024-06-01 00:49:07,1.0,2.58,1.0,N,148,255,1,19.1,1.0,0.5,0.0,0.0,1.0,24.1,2.5,0.0
2,2024-06-01 00:23:22,2024-06-01 00:27:22,1.0,1.28,1.0,N,142,239,2,7.2,1.0,0.5,0.0,0.0,1.0,12.2,2.5,0.0
2,2024-06-01 00:42:30,2024-06-01 00:52:09,2.0,1.54,1.0,N,148,125,1,10.7,1.0,0.5,3.14,0.0,1.0,18.84,2.5,0.0
2,2024-06-01 00:53:12,2024-06-01 00:57:30,2.0,0.9,1.0,N,125,249,2,-6.5,-1.0,-0.5,0.0,0.0,-1.0,-11.5,-2.5,0.0
2,2024-06-01 00:53:12,2024-06-01 00:57:30,2.0,0.9,1.0,N,125,249,2,6.5,1.0,0.5,0.0,0.0,1.0,11.5,2.5,0.0
1,2024-06-01 00:05:42,2024-06-01 00:13:39,4.0,1.4,1.0,N,234,158,1,10.0,3.5,0.5,3.0,0.0,1.0,18.0,2.5,0.0
1,2024-06-01 00:31:12,2024-06-01 00:46:33,1.0,2.5,1.0,N,90,229,1,16.3,3.5,0.5,3.2,0.0,1.0,24.5,2.5,0.0
2,2024-06-01 00:18:18,2024-06-01 00:33:47,1.0,2.6,1.0,N,100,143,1,16.3,1.0,0.5,2.0,0.0,1.0,23.3,2.5,0.0
2,2024-06-01 00:09:55,2024-06-01 00:14:55,1.0,0.69,1.0,N,114,211,1,6.5,1.0,0.5,2.3,0.0,1.0,13.8,2.5,0.0
2,2024-06-01 00:15:56,2024-06-01 00:34:01,1.0,3.36,1.0,N,211,246,1,19.8,1.0,0.5,2.48,0.0,1.0,27.28,2.5,0.0
2,2024-06-01 00:49:27,2024-06-01 00:54:34,1.0,0.81,1.0,N,246,186,1,6.5,1.0,0.5,2.3,0.0,1.0,13.8,2.5,0.0
2,2024-06-01 00:37:54,2024-06-01 00:47:55,1.0,1.66,1.0,N,158,114,1,10.7,1.0,0.5,3.14,0.0,1.0,18.84,2.5,0.0
1,2024-06-01 00:40:32,2024-06-01 00:53:15,1.0,3.9,1.0,N,132,216,1,17.7,2.75,0.5,6.55,0.0,1.0,28.5,0.0,1.75
